c1-sequential-1,c1-sequential-2,c1-sequential-3,c1-sequential-4,c1-sequential-5,c1-sequential-6
3.206589460372925,3.1750407218933105,3.155362844467163,3.138298273086548,3.1303746700286865,3.1226720809936523
